object_id,item_id,artist_id,artist_display_name,title,style,medium,culture,department,classification,object_date,price,quality,popularity_prior,freshness,margin,margin_pct,availability,is_public_domain,object_name,artist_nationality,period,tags,dominant_hue,palette,description,embedding
100000,item_0000,artist_000,Leila Khan,Fragments of Falling City,contemporary,Acrylic on canvas,Spanish,Asian Art,Photography,1948,151.12,0.5426,0.1499,0.2145,41.02,0.2714,1,True,Painting,Spanish,20th century,garden|movement|portrait|red,red,high-contrast,"Fragments of Falling City is a contemporary acrylic on canvas work with a high-contrast palette and tags movement, garden, portrait, red.","[0.13250647536990767, -0.036884222256624064, 0.1727813165800213, 0.850902760088495, -0.06246417218527865, -0.06245979248042513, 0.42128037377896227, 0.20472553564265378]"
100001,item_0001,artist_001,Leila Valette,View of Golden Figure,landscape,Acrylic on canvas,Dutch,Asian Art,Paintings,1925,87.6,0.3757,0.1274,0.7204,46.43,0.53,1,True,Painting,Dutch,20th century,flowers|nature|red|sea,red,warm,"View of Golden Figure is a landscape acrylic on canvas work with a warm palette and tags flowers, sea, nature, red.","[-0.3147155487596955, -0.48949575937835665, 0.507984831057868, -0.07825267437294306, 0.023404859593527984, -0.49380894114637913, 0.3889766981261071, 0.03844508601861582]"
100002,item_0002,artist_002,Ari Valette,Echoes of Harbor Light,surrealism,Ink on paper,Japanese,European Paintings,Paintings,1972,200.56,-0.3011,0.0632,0.8887,98.34,0.4903,1,True,Painting,Japanese,20th century,portrait|violet,violet,earth,"Echoes of Harbor Light is a surrealism ink on paper work with a earth palette and tags portrait, violet.","[0.23968061584564948, -0.3557405237947623, 0.06086057349801703, -0.5710264998720229, -0.38701892805293975, 0.05736321695626504, 0.21518110691629472, 0.5355833362602318]"
100003,item_0003,artist_003,Elena Silva,Portrait of Red Horizon,abstract,Pastel on paper,French,Photographs,Paintings,1935,149.95,-0.1857,0.1122,0.3214,78.42,0.523,1,True,Painting,French,20th century,black|night,black,neutral,"Portrait of Red Horizon is a abstract pastel on paper work with a neutral palette and tags night, black.","[0.43633245399608384, 0.2696596660050956, 0.45451980395466973, 0.4105581505438945, -0.36997202792785494, -0.13631737492177512, 0.1460386611376829, 0.43007253665370093]"
100004,item_0004,artist_004,Sofia Ito,Fragments of Falling City,abstract,Mixed media,American,European Paintings,Prints,1905,236.76,-1.9876,0.1385,0.4289,72.5,0.3062,1,True,Painting,American,20th century,architecture|red,red,neutral,"Fragments of Falling City is a abstract mixed media work with a neutral palette and tags architecture, red.","[0.4983155983635316, 0.37791128134418356, -0.008802823444333361, 0.384448914744838, -0.6436981087885029, 0.2019498335349277, 0.021388353055044048, -0.07346915763227112]"
100005,item_0005,artist_005,Jonas Mercer,Memory of Mirror Lake,modern,Ink on paper,French,Drawings and Prints,Photography,1936,160.76,-1.4635,0.1982,0.2651,89.13,0.5544,1,True,Painting,French,20th century,dreamlike|flowers|portrait|violet,violet,cool,"Memory of Mirror Lake is a modern ink on paper work with a cool palette and tags portrait, flowers, dreamlike, violet.","[0.4548683004332311, 0.16335821779812407, 0.5649350165683349, 0.2550453843760759, 0.048238363259432294, 0.4813249740703109, -0.3488540079277111, -0.1628171061187543]"
100006,item_0006,artist_006,Elena Valette,Composition in Golden Figure,surrealism,Acrylic on canvas,American,Drawings and Prints,Paintings,1941,230.86,2.0,0.1436,0.5606,96.83,0.4194,1,True,Painting,American,20th century,black|nature,black,earth,"Composition in Golden Figure is a surrealism acrylic on canvas work with a earth palette and tags nature, black.","[-0.050448354341841674, 0.1263825579225219, 0.5899777092213969, 0.05460597390178135, 0.08055886189700247, -0.023285844102866105, -0.6001700285192252, 0.5130213230384786]"
100007,item_0007,artist_007,Noah Mercer,Composition in Blue Garden,contemporary,Pastel on paper,British,European Paintings,Drawings,2023,63.63,0.0686,0.0657,0.3971,29.32,0.4608,1,True,Painting,British,21th century,architecture|red,red,neutral,"Composition in Blue Garden is a contemporary pastel on paper work with a neutral palette and tags architecture, red.","[0.3081755825220628, -0.3079683632284587, 0.128924836185297, 0.8473593741263551, -0.21760788921556912, -0.12440821248041518, 0.021892102958779042, -0.1106070232701451]"
100008,item_0008,artist_008,Marcus Ito,Light over Evening Field,contemporary,Acrylic on canvas,American,European Paintings,Photography,1898,81.78,-1.3205,0.2223,0.32,30.46,0.3725,1,True,Painting,American,19th century,dreamlike|garden|gold|nature,gold,neutral,"Light over Evening Field is a contemporary acrylic on canvas work with a neutral palette and tags dreamlike, garden, nature, gold.","[0.21461177162121559, -0.3247109783728053, 0.0600055886906396, 0.7845126011681396, -0.4240657941278983, 0.04870775766614527, 0.06855897539311925, 0.20625057223573234]"
100009,item_0009,artist_009,Noah Morel,Composition in Golden Figure,portrait,Acrylic on canvas,French,Photographs,Photography,2003,555.85,-0.8207,0.2679,0.6113,206.71,0.3719,1,True,Painting,French,21th century,figure|green,green,cool,"Composition in Golden Figure is a portrait acrylic on canvas work with a cool palette and tags figure, green.","[0.08227737349696478, -0.20054752248650148, 0.5237988562580735, 0.1330241894443805, -0.3344473866287998, 0.6522225037211654, -0.27363282166800357, 0.22096668850175377]"
100010,item_0010,artist_010,Noah Bellamy,Study of Red Horizon,impressionism,Pastel on paper,American,European Paintings,Drawings,1939,362.91,-0.8572,0.065,0.335,132.94,0.3663,1,True,Painting,American,20th century,blue|garden|gold,gold,cool,"Study of Red Horizon is a impressionism pastel on paper work with a cool palette and tags garden, blue, gold.","[-0.0203319514575526, 0.5294677830675978, 0.07296419163049418, 0.21813069766809245, 0.0034286377893146267, 0.38330128505886185, -0.06979079876689963, 0.7173167478607714]"
100011,item_0011,artist_011,Marcus Mercer,Portrait of Mirror Lake,landscape,Watercolor on paper,Italian,Photographs,Photography,1899,252.69,0.3853,0.0864,0.7491,72.87,0.2884,1,True,Painting,Italian,19th century,architecture|blue|movement|red,red,cool,"Portrait of Mirror Lake is a landscape watercolor on paper work with a cool palette and tags architecture, movement, blue, red.","[0.1554903561575383, -0.023929191128427556, -0.2782286318275611, -0.49772909477120025, -0.1467101627625922, 0.28138454473530294, 0.6179561618443463, -0.4093088890718183]"
100012,item_0012,artist_012,Jonas Ito,Fragments of Mirror Lake,abstract,Ink on paper,Japanese,Photographs,Drawings,1932,347.35,1.1356,0.2513,0.3826,196.56,0.5659,1,True,Painting,Japanese,20th century,blue|sea,blue,warm,"Fragments of Mirror Lake is a abstract ink on paper work with a warm palette and tags sea, blue.","[0.5283330624241556, 0.20247839363728135, -0.26470652628602154, -0.18019447507067865, 0.09895930015469681, 0.09871925549321434, 0.09896168637029083, 0.7402669997056514]"
100013,item_0013,artist_013,Jonas Dubois,Silence in Summer Window,contemporary,Ink on paper,French,Photographs,Paintings,2018,124.14,0.6796,0.0971,0.7041,30.97,0.2495,1,True,Painting,French,21th century,garden|portrait|white,white,earth,"Silence in Summer Window is a contemporary ink on paper work with a earth palette and tags garden, portrait, white.","[0.6712007553182959, -0.5414663854498107, 0.1990005630878962, 0.015644559934486095, -0.13684999996862204, 0.3157720424568788, 0.018639810635550563, -0.3125225981065981]"
100014,item_0014,artist_014,Noah Khan,Dream of Harbor Light,portrait,Mixed media,French,Drawings and Prints,Photography,1887,84.22,-0.3345,0.1581,0.1395,46.69,0.5544,1,True,Painting,French,19th century,blue|garden|sea,blue,neutral,"Dream of Harbor Light is a portrait mixed media work with a neutral palette and tags sea, garden, blue.","[-0.6625868697962838, 0.061004188839357744, -0.21652353027059765, 0.2788994408264502, -0.2592972162979574, 0.5077610815317912, 0.16522191704972258, 0.2832580915015048]"
100015,item_0015,artist_015,Leila Ito,Echoes of Harbor Light,contemporary,Acrylic on canvas,British,European Paintings,Drawings,2024,104.8,-0.0595,0.0481,0.0885,33.81,0.3226,1,True,Painting,British,21th century,gold|minimal|portrait|sea,gold,neutral,"Echoes of Harbor Light is a contemporary acrylic on canvas work with a neutral palette and tags portrait, sea, minimal, gold.","[0.6080937168453129, 0.29584798644228816, -0.43536820294411743, 0.3388204091175379, 0.36302733545539956, -0.20277930354600518, 0.12717433620084972, 0.2219676861712135]"
100016,item_0016,artist_016,Leila Morel,Composition in Quiet Street,minimalist,Watercolor on paper,American,European Paintings,Drawings,1972,612.81,-0.6151,0.4587,0.5533,196.98,0.3214,1,True,Painting,American,20th century,dreamlike|red,red,neutral,"Composition in Quiet Street is a minimalist watercolor on paper work with a neutral palette and tags dreamlike, red.","[-0.4515032698812804, 0.12734353801410064, 0.2860648986344473, -0.06366226371377877, 0.5432279598703144, 0.20349869484652378, 0.03965020390773665, -0.5966254567594963]"
100017,item_0017,artist_017,Ari Khan,Portrait of Blue Garden,surrealism,Oil on canvas,Spanish,Asian Art,Prints,1918,350.26,-0.6297,0.2364,0.3974,77.5,0.2213,1,True,Painting,Spanish,20th century,architecture|portrait|urban|violet,violet,warm,"Portrait of Blue Garden is a surrealism oil on canvas work with a warm palette and tags portrait, urban, architecture, violet.","[-0.20719762935088523, 0.294472568169058, -0.15456806954007352, -0.20704378493778477, -0.11828562784223604, 0.31677307510628766, 0.48332294823987676, 0.6750251015435168]"
100018,item_0018,artist_018,Noah Dubois,Echoes of Blue Garden,landscape,Oil on canvas,American,Modern and Contemporary Art,Paintings,1995,470.1,-0.2392,0.2605,0.6478,202.0,0.4297,1,True,Painting,American,20th century,blue|red,red,neutral,"Echoes of Blue Garden is a landscape oil on canvas work with a neutral palette and tags blue, red.","[-0.18513064952976346, 0.48596322329841046, -0.13754591804485589, -0.12765599492620133, 0.08187422042073379, 0.0038012168213047487, 0.8129120563648121, -0.16373028415493557]"
100019,item_0019,artist_019,Thomas Hart,View of Golden Figure,abstract,Gouache on board,French,European Paintings,Prints,1924,906.85,-0.3091,0.2486,0.3417,488.14,0.5383,1,True,Painting,French,20th century,figure|gold,gold,earth,"View of Golden Figure is a abstract gouache on board work with a earth palette and tags figure, gold.","[0.7853500490157856, 0.25173522119954833, -0.25000901092790373, 0.16101185914019064, 0.1393628693789056, -0.14606728389487733, -0.0018420772373877361, -0.43665123366215725]"
100020,item_0020,artist_020,Thomas Mercer,Silence in Blue Garden,modern,Acrylic on canvas,Spanish,Drawings and Prints,Photography,1912,772.52,-0.3023,0.1619,0.3463,244.15,0.3161,1,True,Painting,Spanish,20th century,blue|figure|violet,violet,cool,"Silence in Blue Garden is a modern acrylic on canvas work with a cool palette and tags figure, blue, violet.","[-0.1308120466229628, 0.1442730125051888, 0.6552194509778035, 0.29787057183444454, -0.12318398635360321, -0.17139781242380608, 0.35096428968360044, -0.525648800745778]"
100021,item_0021,artist_021,Amira Valette,View of Harbor Light,surrealism,Pastel on paper,Japanese,Modern and Contemporary Art,Drawings,1969,304.48,-0.4319,0.3432,0.2305,139.33,0.4576,1,True,Painting,Japanese,20th century,figure|gold|nature,gold,warm,"View of Harbor Light is a surrealism pastel on paper work with a warm palette and tags figure, nature, gold.","[0.09677476053371484, -0.0826792340445462, 0.1102569998402027, 0.016779744176072326, 0.2369320796376347, 0.11409967523490586, 0.013093379843117316, 0.9497545159167239]"
100022,item_0022,artist_022,Thomas Khan,Echoes of Falling City,landscape,Oil on canvas,American,Drawings and Prints,Drawings,1894,478.21,0.742,0.2778,0.2164,270.91,0.5665,1,True,Painting,American,19th century,green|sea,green,earth,"Echoes of Falling City is a landscape oil on canvas work with a earth palette and tags sea, green.","[-0.20898368926845934, -0.04077917184679442, -0.3503471624862931, 0.2669764935564119, -0.46800535051470415, -0.4945259338862438, 0.5246303550285785, 0.147720603551668]"
100023,item_0023,artist_023,Ari Dubois,Silence in Glass Room,portrait,Ink on paper,American,Asian Art,Drawings,1885,93.65,-0.1424,0.166,0.0856,22.1,0.236,1,True,Painting,American,19th century,garden|gold|minimal|movement,gold,neutral,"Silence in Glass Room is a portrait ink on paper work with a neutral palette and tags garden, minimal, movement, gold.","[-0.04056223792211946, 0.4383505114697233, -0.5646380427962632, -0.2122579459751023, 0.001856962484033346, 0.6068575327555572, -0.15938263836841274, 0.22057116534368482]"
100024,item_0024,artist_024,Mila Mercer,View of Evening Field,contemporary,Oil on canvas,Spanish,Drawings and Prints,Prints,2014,368.68,1.3686,0.0676,0.927,176.64,0.4791,1,True,Painting,Spanish,21th century,dreamlike|flowers|green,green,warm,"View of Evening Field is a contemporary oil on canvas work with a warm palette and tags dreamlike, flowers, green.","[0.39849928016652586, 0.029717435316872973, 0.30296778547023945, 0.4455214860241402, 0.5294172187051505, 0.450956497621637, -0.0639602279607465, 0.24960179962739948]"
100025,item_0025,artist_025,Leila Silva,Echoes of Quiet Street,minimalist,Acrylic on canvas,Italian,Asian Art,Drawings,1885,299.13,-0.0327,0.0222,0.7512,127.09,0.4249,1,True,Painting,Italian,19th century,flowers|gold|portrait,gold,earth,"Echoes of Quiet Street is a minimalist acrylic on canvas work with a earth palette and tags portrait, gold, flowers.","[-0.06260507018542213, 0.16674329505310662, 0.3491194604767597, 0.01721823033226755, 0.7657614722479731, -0.32070956489534624, -0.3958339712810475, -0.012908238186426469]"
100026,item_0026,artist_026,Mila Bellamy,Light over Mirror Lake,portrait,Mixed media,Spanish,Modern and Contemporary Art,Photography,2016,141.27,-1.1979,0.4236,0.3188,64.59,0.4572,1,True,Painting,Spanish,21th century,dreamlike|green|night|sea,green,cool,"Light over Mirror Lake is a portrait mixed media work with a cool palette and tags dreamlike, sea, night, green.","[-0.03033319745029319, 0.46223576696750224, -0.4770365894881976, 0.24393048311943766, -0.25661519928267956, 0.4228676235447291, -0.05179674218229632, -0.5009997134768538]"
100027,item_0027,artist_027,Amira Dubois,Portrait of Golden Figure,contemporary,Pastel on paper,French,Modern and Contemporary Art,Paintings,1903,65.46,1.3669,0.4079,0.546,20.17,0.3081,1,True,Painting,French,20th century,dreamlike|flowers|gold,gold,warm,"Portrait of Golden Figure is a contemporary pastel on paper work with a warm palette and tags flowers, dreamlike, gold.","[-0.032024838189896106, -0.06299865162276842, 0.17509953430731423, 0.6911345151281035, -0.1512464024661891, -0.16416635056151938, -0.07841751120385393, -0.6562800033424999]"
100028,item_0028,artist_028,Mila Hart,Light over Evening Field,landscape,Acrylic on canvas,French,European Paintings,Paintings,2017,848.39,0.8816,0.1167,0.6466,253.48,0.2988,1,True,Painting,French,21th century,blue|movement|violet,violet,high-contrast,"Light over Evening Field is a landscape acrylic on canvas work with a high-contrast palette and tags blue, movement, violet.","[-0.04424996603628556, -0.33054587374109307, -0.5557108626548972, 0.0703832746733471, -0.2616410643987302, -0.4919939284046087, 0.3528765254533526, -0.37413511208695127]"
100029,item_0029,artist_029,Thomas Bellamy,Light over Quiet Street,impressionism,Pastel on paper,Italian,Photographs,Prints,2014,136.96,-0.864,0.2364,0.6479,60.34,0.4406,1,True,Painting,Italian,21th century,figure|movement|white,white,high-contrast,"Light over Quiet Street is a impressionism pastel on paper work with a high-contrast palette and tags figure, movement, white.","[-0.30421540943247577, 0.09862368187872922, 0.3217811880238374, 0.6633872270391789, -0.48590330939734255, 0.19559199020312676, -0.22605227197407374, -0.16924161584581768]"
100030,item_0030,artist_030,Elena Morel,Light over Harbor Light,surrealism,Pastel on paper,French,Drawings and Prints,Photography,1958,129.48,0.5706,0.1901,0.7296,41.29,0.3189,1,True,Painting,French,20th century,blue|portrait,blue,cool,"Light over Harbor Light is a surrealism pastel on paper work with a cool palette and tags portrait, blue.","[-0.1792339672161931, 0.23474080459519822, 0.15566199293614005, -0.3037791502666984, 0.030867905929491173, 0.23349651395534027, -0.5187742794570098, 0.6867745683734807]"
100031,item_0031,artist_031,Leila Hart,Memory of Quiet Street,impressionism,Acrylic on canvas,Italian,Modern and Contemporary Art,Drawings,2023,429.31,-1.1297,0.165,0.6407,158.57,0.3694,1,True,Painting,Italian,21th century,blue|flowers|green,green,warm,"Memory of Quiet Street is a impressionism acrylic on canvas work with a warm palette and tags flowers, blue, green.","[-0.03898703578790347, 0.26883346232306893, -0.38458285562228306, 0.027965183501465613, -0.5076432941897008, -0.22688750680589026, 0.5937120658515581, -0.34036580654385645]"
100032,item_0032,artist_032,Jonas Silva,Fragments of Blue Garden,landscape,Pastel on paper,Japanese,Photographs,Photography,1961,148.94,-0.4326,0.2537,0.7053,33.08,0.2221,1,True,Painting,Japanese,20th century,figure|garden|green,green,high-contrast,"Fragments of Blue Garden is a landscape pastel on paper work with a high-contrast palette and tags figure, garden, green.","[0.14966698731299866, -0.2435609547704697, 0.03491789496518647, -0.06277785767279458, 0.4709157114403118, 0.10259685977548229, 0.8082346422764533, -0.16609206537370347]"
100033,item_0033,artist_033,Sofia Bellamy,Light over Golden Figure,contemporary,Watercolor on paper,Italian,Asian Art,Paintings,1988,427.16,-2.0,0.1659,0.0981,145.66,0.341,1,True,Painting,Italian,20th century,figure|geometry|urban|white,white,high-contrast,"Light over Golden Figure is a contemporary watercolor on paper work with a high-contrast palette and tags urban, figure, geometry, white.","[-0.5574944969636636, -0.2757449611644125, -0.5117234903631555, 0.3597379106737972, 0.005038036127791916, 0.4585610741477424, 0.08942545395755162, -0.05993124413376999]"
100034,item_0034,artist_034,Noah Rossi,Silence in Glass Room,abstract,Ink on paper,Spanish,European Paintings,Paintings,1931,232.96,-0.4777,0.2151,0.6586,62.63,0.2689,1,True,Painting,Spanish,20th century,gold|portrait,gold,high-contrast,"Silence in Glass Room is a abstract ink on paper work with a high-contrast palette and tags portrait, gold.","[0.6403737313253809, 0.6323655595337785, 0.050647957844717505, 0.06912698448146354, -0.1279274787284901, -0.23667327281456949, 0.23124033328648902, -0.2384108998793146]"
100035,item_0035,artist_035,Leila Rossi,View of Falling City,surrealism,Pastel on paper,Italian,Drawings and Prints,Photography,1889,53.02,1.496,0.2616,0.7974,27.6,0.5206,1,True,Painting,Italian,19th century,blue|gold|movement|night,gold,neutral,"View of Falling City is a surrealism pastel on paper work with a neutral palette and tags movement, blue, night, gold.","[0.25983571408726197, -0.31653248179088855, 0.29849150998663454, 0.46532156936163904, 0.1419111872299883, 0.644208604236483, -0.265602500065444, 0.1448552559980587]"
100036,item_0036,artist_036,Ari Morel,Study of Golden Figure,abstract,Acrylic on canvas,Japanese,European Paintings,Drawings,1914,786.96,-0.5112,0.0858,0.331,208.89,0.2654,1,True,Painting,Japanese,20th century,architecture|geometry|gold|white,white,cool,"Study of Golden Figure is a abstract acrylic on canvas work with a cool palette and tags gold, geometry, architecture, white.","[0.5571471479822766, 0.22767162816335412, 0.1508916934796772, 0.07023199834346311, -0.24797035350842517, 0.14789873901894554, 0.5903875533074922, 0.42205574407135654]"
100037,item_0037,artist_037,Jonas Khan,Fragments of Glass Room,modern,Gouache on board,Spanish,European Paintings,Drawings,1964,168.17,1.669,0.2432,0.2291,43.54,0.2589,1,True,Painting,Spanish,20th century,blue|dreamlike|figure|flowers,blue,neutral,"Fragments of Glass Room is a modern gouache on board work with a neutral palette and tags dreamlike, flowers, figure, blue.","[-0.05809110057580701, -0.15694146552950308, 0.24064774131665964, -0.6084027838383173, 0.3026360429701704, 0.026955117081226918, -0.4742500155981464, -0.47613158505446995]"
100038,item_0038,artist_038,Mila Ito,Composition in Harbor Light,contemporary,Pastel on paper,Spanish,Photographs,Paintings,2021,247.91,-0.7825,0.3037,0.5383,124.39,0.5017,1,True,Painting,Spanish,21th century,dreamlike|green|night,green,earth,"Composition in Harbor Light is a contemporary pastel on paper work with a earth palette and tags dreamlike, night, green.","[0.5752992476819137, -0.5194461705398504, 0.263845811621653, 0.443032009843031, -0.08402288177792769, 0.00035701605689403515, 0.0808160597885628, -0.346010502915101]"
100039,item_0039,artist_039,Marcus Khan,Study of Evening Field,portrait,Pastel on paper,Italian,European Paintings,Photography,2002,179.43,-0.1499,0.3291,0.6155,80.53,0.4488,1,True,Painting,Italian,21th century,flowers|garden|urban|violet,violet,neutral,"Study of Evening Field is a portrait pastel on paper work with a neutral palette and tags urban, flowers, garden, violet.","[0.02726719237178299, 0.35575175093655437, -0.6813200216647497, -0.5324755692034697, -0.3178492839494918, 0.12531616674790724, 0.05218795671854984, 0.07425695637364942]"
100040,item_0040,artist_037,Jonas Khan,Fragments of Red Horizon,minimalist,Pastel on paper,Italian,Asian Art,Photography,1907,183.14,0.8139,0.0973,0.5886,61.54,0.336,1,True,Painting,Italian,20th century,garden|geometry|red,red,neutral,"Fragments of Red Horizon is a minimalist pastel on paper work with a neutral palette and tags garden, geometry, red.","[0.4988824522636771, -0.276392091969834, -0.2857474673784844, 0.03874195926887742, 0.6027610213032497, 0.19635755711596128, -0.41323596239916977, -0.13758653579422458]"
100041,item_0041,artist_031,Leila Hart,View of Blue Garden,landscape,Mixed media,Japanese,Drawings and Prints,Drawings,1972,71.04,1.2467,0.0169,0.4884,24.7,0.3477,1,True,Painting,Japanese,20th century,garden|green|sea,green,cool,"View of Blue Garden is a landscape mixed media work with a cool palette and tags garden, sea, green.","[-0.09545285231067585, -0.5148991054657692, 0.5441652040451871, -0.38283378062411755, -0.25171886914157243, 0.4057344883976971, -0.026655066264126368, 0.23323128768056664]"
100042,item_0042,artist_035,Leila Rossi,Echoes of Golden Figure,abstract,Oil on canvas,French,Asian Art,Photography,2010,238.48,-1.6296,0.1859,0.5383,111.76,0.4686,1,True,Painting,French,21th century,blue|minimal|white,white,cool,"Echoes of Golden Figure is a abstract oil on canvas work with a cool palette and tags minimal, blue, white.","[0.6734593042017435, -0.08162202401312765, 0.3272621979101237, 0.5240009387944982, 0.163445149303619, -0.15143390724668082, -0.1016626404926369, -0.31325874666859677]"
100043,item_0043,artist_035,Leila Rossi,Dream of Harbor Light,landscape,Gouache on board,Dutch,Drawings and Prints,Photography,1969,257.87,-1.4344,0.3201,0.3908,88.65,0.3438,1,True,Painting,Dutch,20th century,architecture|geometry|white,white,earth,"Dream of Harbor Light is a landscape gouache on board work with a earth palette and tags architecture, geometry, white.","[0.5128374672550318, -0.5238316655555592, 0.26630864865785286, -0.08250850884100791, 0.4209372479477233, 0.2001968184232261, -0.36690355314005757, -0.1816177747266004]"
100044,item_0044,artist_012,Jonas Ito,Composition in Golden Figure,contemporary,Watercolor on paper,American,Photographs,Drawings,2019,484.6,-0.3522,0.209,0.6516,235.47,0.4859,1,True,Painting,American,21th century,gold|green|nature|portrait,green,cool,"Composition in Golden Figure is a contemporary watercolor on paper work with a cool palette and tags portrait, nature, gold, green.","[0.6250021921727713, 0.02263186415748587, 0.042508415407246716, 0.5399675682999275, -0.36069643246486965, -0.001267029591157256, -0.15641041083975937, -0.4011488241793259]"
100045,item_0045,artist_002,Ari Valette,Portrait of Blue Garden,modern,Gouache on board,Dutch,Modern and Contemporary Art,Prints,1917,242.09,0.8167,0.2029,0.5051,101.49,0.4192,1,True,Painting,Dutch,20th century,figure|geometry|minimal|white,white,warm,"Portrait of Blue Garden is a modern gouache on board work with a warm palette and tags figure, minimal, geometry, white.","[-0.14249237551442887, -0.2755727025090857, 0.6576947810056101, -0.44659543847951616, 0.28984919628593714, -0.33423665700829924, -0.05731577417007935, 0.26969223131286746]"
100046,item_0046,artist_016,Leila Morel,Light over Mirror Lake,minimalist,Mixed media,British,Modern and Contemporary Art,Paintings,1987,447.13,-1.4052,0.2244,0.4384,116.73,0.2611,1,True,Painting,British,20th century,blue|nature|sea,blue,high-contrast,"Light over Mirror Lake is a minimalist mixed media work with a high-contrast palette and tags nature, sea, blue.","[0.09746496509016336, 0.38410358927886423, 0.06281285677875144, 0.20960186150084237, 0.682057880947715, 0.5298567036730855, -0.03773801270698322, -0.21842934648115647]"
100047,item_0047,artist_035,Leila Rossi,Memory of Glass Room,modern,Watercolor on paper,American,Modern and Contemporary Art,Paintings,1942,228.43,1.2232,0.0551,0.5179,100.12,0.4383,1,True,Painting,American,20th century,figure|flowers|geometry|violet,violet,high-contrast,"Memory of Glass Room is a modern watercolor on paper work with a high-contrast palette and tags flowers, geometry, figure, violet.","[-0.1298515070475312, -0.1921161140402408, 0.8003191514102008, 0.25624889129725786, 0.08357871867817908, -0.39849329529526, 0.17289774134313587, 0.21066515583147463]"
100048,item_0048,artist_013,Jonas Dubois,Portrait of Glass Room,landscape,Ink on paper,American,Photographs,Paintings,1925,83.74,-1.0706,0.2018,0.3886,26.4,0.3153,1,True,Painting,American,20th century,blue|urban,blue,cool,"Portrait of Glass Room is a landscape ink on paper work with a cool palette and tags urban, blue.","[0.4747458832317172, -0.2850434998094094, 0.2592471892892085, -0.09811230782396593, -0.262882452357646, -0.32864626381771256, 0.20113536211790647, -0.6316331482815]"
100049,item_0049,artist_002,Ari Valette,Silence in Mirror Lake,abstract,Gouache on board,Dutch,Asian Art,Prints,2001,132.12,1.189,0.4073,0.2859,42.77,0.3237,1,True,Painting,Dutch,21th century,dreamlike|green,green,cool,"Silence in Mirror Lake is a abstract gouache on board work with a cool palette and tags dreamlike, green.","[0.5501989567630053, 0.14780611090030082, 0.08679212700654432, 0.7369427013333615, -0.1914135950643966, -0.15937535458822974, -0.1870316607689455, -0.16672291996761243]"
100050,item_0050,artist_009,Noah Morel,Silence in Summer Window,contemporary,Ink on paper,French,Modern and Contemporary Art,Prints,1963,190.96,-0.7983,0.0711,0.3546,46.11,0.2415,1,True,Painting,French,20th century,architecture|figure|sea|violet,violet,warm,"Silence in Summer Window is a contemporary ink on paper work with a warm palette and tags architecture, figure, sea, violet.","[0.4412556323875757, 0.5120765588712716, -0.1747305669197362, 0.3646841099383952, 0.0815116573783557, 0.09536700894135884, 0.18777731360367025, 0.5731897212489773]"
100051,item_0051,artist_028,Mila Hart,Portrait of Evening Field,surrealism,Watercolor on paper,Dutch,Photographs,Photography,1967,352.89,1.1087,0.2446,0.6109,153.61,0.4353,1,True,Painting,Dutch,20th century,blue|gold|nature|portrait,gold,warm,"Portrait of Evening Field is a surrealism watercolor on paper work with a warm palette and tags portrait, blue, nature, gold.","[0.6772272848910978, -0.14227480483337546, -0.13117159025755656, 0.27983899708854365, 0.18274945439046286, 0.4949244290789998, 0.15649492462505046, 0.35038124695894723]"
100052,item_0052,artist_033,Sofia Bellamy,Portrait of Glass Room,abstract,Oil on canvas,Japanese,Modern and Contemporary Art,Photography,1996,256.34,0.0464,0.0439,0.3981,140.93,0.5498,1,True,Painting,Japanese,20th century,figure|geometry|nature|red,red,high-contrast,"Portrait of Glass Room is a abstract oil on canvas work with a high-contrast palette and tags figure, geometry, nature, red.","[0.5965299553922496, 0.058363636643838784, 0.4799569327216746, -0.3249822005158228, 0.14666058472410248, -0.15647267871648995, 0.011434873200610473, 0.5085762738963124]"
100053,item_0053,artist_031,Leila Hart,View of Summer Window,portrait,Pastel on paper,French,Drawings and Prints,Photography,1894,244.69,-0.7001,0.4721,0.3216,112.2,0.4585,1,True,Painting,French,19th century,gold|nature|night,gold,neutral,"View of Summer Window is a portrait pastel on paper work with a neutral palette and tags nature, night, gold.","[-0.03778882250536679, 0.11064416818301598, 0.24105740040396237, 0.07399863200515867, -0.17703034127745865, 0.7378709302809634, 0.42574167555762893, -0.40705795410194123]"
100054,item_0054,artist_026,Mila Bellamy,Echoes of Blue Garden,landscape,Gouache on board,Japanese,Photographs,Photography,2012,97.19,0.7084,0.2438,0.6326,27.94,0.2875,1,True,Painting,Japanese,21th century,blue|geometry|green|minimal,green,warm,"Echoes of Blue Garden is a landscape gouache on board work with a warm palette and tags geometry, minimal, blue, green.","[0.36978064540996836, -0.015530374188720901, -0.13113950056220347, 0.4443339496970063, -0.34202446251840585, -0.5193634020219494, 0.4976032871208683, -0.11858644878335496]"
100055,item_0055,artist_038,Mila Ito,Portrait of Mirror Lake,modern,Gouache on board,Italian,European Paintings,Paintings,1888,206.01,1.1173,0.1927,0.3954,97.96,0.4755,1,True,Painting,Italian,19th century,flowers|gold|green|nature,green,cool,"Portrait of Mirror Lake is a modern gouache on board work with a cool palette and tags flowers, nature, gold, green.","[-0.4995409333208918, -0.2265687971514863, 0.5308310583652969, 0.07968273349089587, -0.07899396731628812, 0.11528232028371083, -0.40982291473368926, 0.47276802216068115]"
100056,item_0056,artist_026,Mila Bellamy,Memory of Mirror Lake,impressionism,Gouache on board,British,Photographs,Prints,2001,243.74,-0.6811,0.3337,0.9293,139.64,0.5729,1,True,Painting,British,21th century,flowers|gold|red|urban,red,high-contrast,"Memory of Mirror Lake is a impressionism gouache on board work with a high-contrast palette and tags urban, flowers, gold, red.","[0.053458489242407925, 0.6462395476857479, -0.02441026915828412, 0.3917465522256973, -0.18399498974187362, 0.4898991538938519, -0.01092392934450217, -0.3892052724959463]"
100057,item_0057,artist_032,Jonas Silva,Composition in Harbor Light,modern,Pastel on paper,Japanese,Asian Art,Prints,1961,184.35,0.0269,0.3723,0.3381,95.02,0.5154,1,True,Painting,Japanese,20th century,dreamlike|geometry|green|sea,green,neutral,"Composition in Harbor Light is a modern pastel on paper work with a neutral palette and tags sea, dreamlike, geometry, green.","[0.3302342523457639, 0.17879948008936525, 0.29404648799069383, -0.020050802803350268, -0.001513975010087618, -0.4868053192252018, 0.6318064570187656, 0.36871344052930716]"
100058,item_0058,artist_029,Thomas Bellamy,View of Falling City,surrealism,Ink on paper,Japanese,Photographs,Photography,1946,450.24,0.6352,0.3528,0.6746,240.0,0.5331,1,True,Painting,Japanese,20th century,flowers|gold|minimal|white,white,neutral,"View of Falling City is a surrealism ink on paper work with a neutral palette and tags flowers, gold, minimal, white.","[-0.1945323210865052, 0.19501042486478246, 0.4765929174103766, 0.3149120323213998, 0.020308930257097797, -0.22033393247035746, 0.23780111709923651, 0.7016472378234472]"
100059,item_0059,artist_002,Ari Valette,Silence in Evening Field,surrealism,Gouache on board,Japanese,Modern and Contemporary Art,Photography,1969,215.76,2.0,0.3605,0.4844,86.48,0.4008,1,True,Painting,Japanese,20th century,black|figure,black,cool,"Silence in Evening Field is a surrealism gouache on board work with a cool palette and tags figure, black.","[0.7428081483894352, 0.08468479719573839, -0.2787377249514745, -0.2070517482970542, -0.13707462702130502, 0.18149797863421668, 0.2237180637475348, 0.46767365858212445]"
100060,item_0060,artist_030,Elena Morel,Study of Quiet Street,surrealism,Mixed media,Japanese,Modern and Contemporary Art,Paintings,1986,263.27,1.0471,0.4323,0.3201,90.01,0.3419,1,True,Painting,Japanese,20th century,figure|nature|night|white,white,neutral,"Study of Quiet Street is a surrealism mixed media work with a neutral palette and tags nature, figure, night, white.","[-0.09285472038313852, -0.6019814749501264, 0.14402925686665274, 0.23349136100682394, -0.1743210329072394, 0.5678532404515931, -0.44222417875690573, 0.07298158354022634]"
100061,item_0061,artist_015,Leila Ito,View of Mirror Lake,landscape,Pastel on paper,Dutch,European Paintings,Paintings,1908,215.55,1.1727,0.2699,0.9288,124.82,0.5791,1,True,Painting,Dutch,20th century,minimal|nature|white,white,neutral,"View of Mirror Lake is a landscape pastel on paper work with a neutral palette and tags nature, minimal, white.","[0.5729151625383871, 0.5354918086904911, -0.24272574527327803, 0.15357646388373816, 0.19168956982827318, 0.10114451186127175, 0.4331615032994633, -0.26059782997345027]"
100062,item_0062,artist_020,Thomas Mercer,Light over Quiet Street,impressionism,Gouache on board,British,European Paintings,Paintings,1995,488.16,-0.4938,0.0517,0.5001,158.95,0.3256,1,True,Painting,British,20th century,gold|green,green,warm,"Light over Quiet Street is a impressionism gouache on board work with a warm palette and tags gold, green.","[-0.37544401246480097, 0.8199433663894682, -0.13562842980924616, 0.10048248170011885, -0.013606474435546453, 0.13833682310349638, 0.022277540511449805, -0.3720542524502253]"
100063,item_0063,artist_031,Leila Hart,Memory of Quiet Street,modern,Oil on canvas,Dutch,Asian Art,Drawings,1950,207.75,-0.0372,0.2634,0.6417,56.41,0.2715,1,True,Painting,Dutch,20th century,dreamlike|gold|portrait,gold,earth,"Memory of Quiet Street is a modern oil on canvas work with a earth palette and tags portrait, dreamlike, gold.","[-0.10159723285753561, 0.6559976833173129, 0.6471070417181412, 0.13584042287287876, 0.325443223903459, 0.07542809063143754, -0.08182555075775685, -0.06202247318357695]"
100064,item_0064,artist_037,Jonas Khan,Portrait of Red Horizon,surrealism,Acrylic on canvas,American,Asian Art,Prints,1949,359.19,-1.0534,0.0645,0.5614,161.64,0.45,1,True,Painting,American,20th century,figure|gold|portrait,gold,neutral,"Portrait of Red Horizon is a surrealism acrylic on canvas work with a neutral palette and tags figure, portrait, gold.","[0.2266463572475587, 0.08570116679716815, 0.2468498574697839, -0.7163657163791132, 0.5165428617663204, -0.034526383524522086, 0.2741001996468643, 0.15502428051068845]"
100065,item_0065,artist_018,Noah Dubois,Composition in Golden Figure,surrealism,Mixed media,Dutch,Drawings and Prints,Prints,1986,812.71,-1.1463,0.266,0.4269,464.92,0.5721,1,True,Painting,Dutch,20th century,blue|sea|white,white,warm,"Composition in Golden Figure is a surrealism mixed media work with a warm palette and tags blue, sea, white.","[0.7511602308987484, -0.01800810028431485, 0.06285122194086018, 0.32837009277428836, 0.3455195681370039, 0.3709928336510095, 0.19962787293562664, 0.16366453076842713]"
100066,item_0066,artist_014,Noah Khan,Fragments of Mirror Lake,abstract,Pastel on paper,British,Modern and Contemporary Art,Prints,1920,173.4,1.3757,0.1558,0.5978,76.9,0.4435,1,True,Painting,British,20th century,dreamlike|figure|nature|white,white,cool,"Fragments of Mirror Lake is a abstract pastel on paper work with a cool palette and tags nature, dreamlike, figure, white.","[0.8272069777624612, 0.11436692546343326, -0.061568537630946, 0.2431121195195604, 0.29994662430974844, -0.3095636449623049, 0.1506452963586097, 0.17681346369870943]"
100067,item_0067,artist_018,Noah Dubois,Study of Glass Room,surrealism,Watercolor on paper,Spanish,Modern and Contemporary Art,Paintings,1936,482.53,-0.3248,0.01,0.5808,236.0,0.4891,1,True,Painting,Spanish,20th century,minimal|red,red,neutral,"Study of Glass Room is a surrealism watercolor on paper work with a neutral palette and tags minimal, red.","[-0.1896463340847451, -0.41192827554422806, -0.12222885635152511, -0.25309770558778494, 0.31410586918712374, 0.1931708563163552, -0.1316382866316026, 0.7496965425716152]"
100068,item_0068,artist_030,Elena Morel,Echoes of Red Horizon,portrait,Watercolor on paper,Japanese,Modern and Contemporary Art,Prints,1914,120.36,-0.2807,0.0386,0.3133,58.83,0.4888,1,True,Painting,Japanese,20th century,green|nature|urban,green,neutral,"Echoes of Red Horizon is a portrait watercolor on paper work with a neutral palette and tags nature, urban, green.","[0.49881988301129315, 0.2032034997235496, 0.2143185123357115, 0.3075265536520942, 0.2734783673486422, 0.7019066847958113, 0.03754865499623872, -0.022555305802902638]"
100069,item_0069,artist_016,Leila Morel,Echoes of Falling City,landscape,Oil on canvas,Japanese,Asian Art,Paintings,1952,135.98,0.3198,0.2171,0.6925,35.97,0.2645,1,True,Painting,Japanese,20th century,dreamlike|figure|flowers|green,green,earth,"Echoes of Falling City is a landscape oil on canvas work with a earth palette and tags flowers, figure, dreamlike, green.","[-0.32914248035552024, 0.3128930462047778, -0.3267675257778459, -0.07471120659152691, 0.18294297171575366, -0.3220636963869084, 0.5893671920803141, -0.4436863141104421]"
100070,item_0070,artist_004,Sofia Ito,Light over Blue Garden,contemporary,Ink on paper,Dutch,Drawings and Prints,Drawings,1989,401.31,0.7472,0.1175,0.8273,219.67,0.5474,1,True,Painting,Dutch,20th century,green|urban,green,high-contrast,"Light over Blue Garden is a contemporary ink on paper work with a high-contrast palette and tags urban, green.","[0.1874810160107969, -0.09798250011438528, 0.13844321221999334, 0.7475470361895551, -0.4473527630987184, 0.39664119315864915, -0.1038358106537908, -0.09500840223130753]"
100071,item_0071,artist_024,Mila Mercer,Light over Summer Window,minimalist,Oil on canvas,French,Photographs,Drawings,2023,272.55,1.4595,0.0505,0.6565,96.36,0.3536,1,True,Painting,French,21th century,architecture|sea|white,white,high-contrast,"Light over Summer Window is a minimalist oil on canvas work with a high-contrast palette and tags sea, architecture, white.","[0.5275462750432, 0.12895402492218452, -0.18073300668408052, -0.08708400026441089, 0.5214117620265766, 0.3011561994368669, 0.39923415965384984, -0.3779742679655714]"
100072,item_0072,artist_023,Ari Dubois,Composition in Mirror Lake,landscape,Ink on paper,Italian,Drawings and Prints,Paintings,1977,385.57,1.0311,0.3498,0.31,146.37,0.3796,1,True,Painting,Italian,20th century,dreamlike|red,red,cool,"Composition in Mirror Lake is a landscape ink on paper work with a cool palette and tags dreamlike, red.","[0.5550966229173478, -0.3752395784916776, -0.24247131127780625, -0.19995112681106705, -0.06733687305303858, -0.25874580118797963, 0.5795479280516033, -0.21196877577414153]"
100073,item_0073,artist_005,Jonas Mercer,Study of Evening Field,portrait,Watercolor on paper,French,European Paintings,Photography,1890,172.12,1.314,0.0969,0.2548,77.63,0.451,1,True,Painting,French,19th century,black|minimal,black,cool,"Study of Evening Field is a portrait watercolor on paper work with a cool palette and tags minimal, black.","[0.18545115248976066, 0.04268003095177809, -0.30134988711087507, -0.4384647023858482, 0.2785684470176338, 0.3326938335309795, 0.03597183856808528, 0.700816448229865]"
100074,item_0074,artist_037,Jonas Khan,Fragments of Golden Figure,modern,Oil on canvas,Japanese,Photographs,Drawings,1969,107.97,-0.7043,0.2754,0.5207,55.35,0.5127,0,True,Painting,Japanese,20th century,minimal|red,red,cool,"Fragments of Golden Figure is a modern oil on canvas work with a cool palette and tags minimal, red.","[0.05642021599379461, -0.298262596105963, 0.7532451661345425, -0.20999563428267254, 0.14399037168810336, 0.2005469622587264, 0.23186297959964708, -0.4262240988289341]"
100075,item_0075,artist_001,Leila Valette,Memory of Red Horizon,modern,Watercolor on paper,Japanese,Modern and Contemporary Art,Paintings,1945,355.42,-0.5071,0.1298,0.1775,80.09,0.2253,1,True,Painting,Japanese,20th century,blue|night|urban|violet,violet,cool,"Memory of Red Horizon is a modern watercolor on paper work with a cool palette and tags night, blue, urban, violet.","[0.7419532153587945, 0.0747922440137909, 0.49556298781256525, -0.11453458763980578, 0.1380849553901694, -0.13052998431099944, 0.34710880100178776, 0.16917637945147046]"
100076,item_0076,artist_023,Ari Dubois,Echoes of Summer Window,landscape,Gouache on board,American,Asian Art,Photography,2013,99.46,0.5078,0.1813,0.2656,43.14,0.4337,1,True,Painting,American,21th century,gold|sea,gold,earth,"Echoes of Summer Window is a landscape gouache on board work with a earth palette and tags sea, gold.","[0.11648505401673158, 0.604850375817865, -0.07365070020999658, -0.15960328527395182, 0.1299801198425485, -0.6197800014575874, 0.42467351363321826, -0.09121373247188733]"
100077,item_0077,artist_006,Elena Valette,Light over Blue Garden,minimalist,Oil on canvas,Italian,Asian Art,Photography,1903,124.99,0.3024,0.1077,0.3418,59.55,0.4765,1,True,Painting,Italian,20th century,gold|night,gold,high-contrast,"Light over Blue Garden is a minimalist oil on canvas work with a high-contrast palette and tags night, gold.","[0.2647036261085689, -0.42645159111196584, 0.1840749128662019, -0.30385707185629474, 0.7077293775811029, -0.2486961099750383, -0.18131314890365277, -0.1620285488890952]"
100078,item_0078,artist_024,Mila Mercer,Portrait of Glass Room,modern,Gouache on board,Dutch,Photographs,Prints,2014,170.77,0.8786,0.3162,0.0541,70.19,0.411,1,True,Painting,Dutch,21th century,flowers|gold|minimal|nature,gold,earth,"Portrait of Glass Room is a modern gouache on board work with a earth palette and tags flowers, nature, minimal, gold.","[-0.48170429775859397, -0.3386671774461196, 0.47288321916674764, -0.041688120758217824, 0.32095370902084125, -0.16450696089643738, -0.3798886563233472, 0.39181610260121297]"
100079,item_0079,artist_025,Leila Silva,Silence in Mirror Lake,contemporary,Acrylic on canvas,Italian,Drawings and Prints,Photography,1994,110.31,-2.0,0.0846,0.5992,53.24,0.4827,1,True,Painting,Italian,20th century,dreamlike|green|portrait,green,high-contrast,"Silence in Mirror Lake is a contemporary acrylic on canvas work with a high-contrast palette and tags dreamlike, portrait, green.","[0.13628904810520936, -0.34579991615342304, -0.010762132120975973, -0.10209098178154354, 0.7167654453533657, -0.4150059809115553, -0.013944791667716292, 0.4063646085559439]"
100080,item_0080,artist_006,Elena Valette,Composition in Summer Window,surrealism,Pastel on paper,American,European Paintings,Photography,1900,417.06,-0.6405,0.1736,0.4305,213.63,0.5122,1,True,Painting,American,20th century,black|garden|movement|night,black,neutral,"Composition in Summer Window is a surrealism pastel on paper work with a neutral palette and tags movement, garden, night, black.","[0.30143455813367565, -0.46353767420224884, -0.11789579786192225, -0.025607664534565127, 0.267069293781433, 0.40887780241756283, 0.3520380141843675, 0.5632734955007955]"
100081,item_0081,artist_006,Elena Valette,Silence in Blue Garden,portrait,Watercolor on paper,Dutch,Drawings and Prints,Prints,2008,155.21,0.2825,0.0779,0.4034,62.5,0.4027,1,True,Painting,Dutch,21th century,figure|red,red,earth,"Silence in Blue Garden is a portrait watercolor on paper work with a earth palette and tags figure, red.","[0.052997826534311725, -0.23029185743772307, 0.3727207239162529, -0.28149451151828836, -0.3810735058373774, 0.6735006035278254, 0.33225887226613854, -0.12954132070222832]"
100082,item_0082,artist_038,Mila Ito,Composition in Harbor Light,portrait,Ink on paper,French,Asian Art,Paintings,1964,353.67,-0.8537,0.298,0.1246,81.49,0.2304,1,True,Painting,French,20th century,blue|green|night,green,neutral,"Composition in Harbor Light is a portrait ink on paper work with a neutral palette and tags night, blue, green.","[-0.06298749253874311, 0.16113621416830975, 0.3075200809269665, -0.14648891299232716, 0.009690947314112838, 0.7840472055528737, 0.45182092257377254, 0.18728057175428184]"
100083,item_0083,artist_033,Sofia Bellamy,Composition in Quiet Street,landscape,Gouache on board,Spanish,European Paintings,Paintings,1972,196.68,0.8886,0.2554,0.1798,69.91,0.3554,1,True,Painting,Spanish,20th century,gold|night,gold,cool,"Composition in Quiet Street is a landscape gouache on board work with a cool palette and tags night, gold.","[-0.11521120115400789, -0.5579455255258408, 0.3799956579900081, 0.12657896654278475, 0.11066839366703535, 0.3485981531033305, 0.3550321095280983, 0.5051616265363268]"
100084,item_0084,artist_005,Jonas Mercer,Study of Quiet Street,impressionism,Acrylic on canvas,Japanese,Photographs,Paintings,2009,234.25,1.8114,0.1808,0.6564,88.9,0.3795,1,True,Painting,Japanese,21th century,flowers|geometry|gold|portrait,gold,neutral,"Study of Quiet Street is a impressionism acrylic on canvas work with a neutral palette and tags geometry, flowers, portrait, gold.","[-0.16106791975684975, 0.4196711519327489, -0.3689268568622763, 0.12226626125089478, 0.17893560574786732, 0.5688467729168425, 0.26593372690613615, -0.4696294657635657]"
100085,item_0085,artist_033,Sofia Bellamy,View of Evening Field,impressionism,Oil on canvas,British,Photographs,Photography,1899,704.49,-1.4499,0.0581,0.1963,166.51,0.2364,1,True,Painting,British,19th century,gold|portrait,gold,neutral,"View of Evening Field is a impressionism oil on canvas work with a neutral palette and tags gold, portrait.","[-0.26142435858837304, 0.5924030113379712, -0.4304739449836786, 0.2212562921005735, 0.44461172189203313, -0.15818530435268346, -0.3412492142565921, 0.08544361753927834]"
100086,item_0086,artist_027,Amira Dubois,Portrait of Harbor Light,modern,Watercolor on paper,American,European Paintings,Photography,1943,112.73,2.0,0.0932,0.6337,30.04,0.2665,1,True,Painting,American,20th century,black|dreamlike|figure|movement,black,cool,"Portrait of Harbor Light is a modern watercolor on paper work with a cool palette and tags movement, figure, dreamlike, black.","[-0.09441515999457434, -0.4013578469112859, 0.7380211838351225, 0.3971627334889963, -0.17740352394333525, 0.2756003480744734, -0.13537232458457166, 0.04278927911129437]"
100087,item_0087,artist_036,Ari Morel,Silence in Blue Garden,abstract,Mixed media,American,Drawings and Prints,Photography,1959,417.54,-0.4318,0.0932,0.6954,198.51,0.4754,1,True,Painting,American,20th century,flowers|gold,gold,high-contrast,"Silence in Blue Garden is a abstract mixed media work with a high-contrast palette and tags flowers, gold.","[0.5392899254649599, -0.0016811797273631657, 0.3132837941945368, 0.2663759010997502, -0.1549855588951039, 0.22625458171255192, 0.162807784664986, -0.6620745115014824]"
100088,item_0088,artist_027,Amira Dubois,Fragments of Mirror Lake,modern,Pastel on paper,Spanish,Drawings and Prints,Paintings,1987,290.77,-1.4108,0.0653,0.7698,89.44,0.3076,1,True,Painting,Spanish,20th century,black|flowers|nature|portrait,black,warm,"Fragments of Mirror Lake is a modern pastel on paper work with a warm palette and tags nature, flowers, portrait, black.","[0.47172523634072566, -0.08894965355555576, 0.49061291296253934, 0.2919282172272245, -0.07740178934539776, 0.3049628668800429, -0.4929110408033148, -0.3188815830196671]"
100089,item_0089,artist_022,Thomas Khan,Memory of Summer Window,portrait,Ink on paper,Spanish,European Paintings,Drawings,1922,135.89,0.4688,0.074,0.5209,65.48,0.4819,1,True,Painting,Spanish,20th century,nature|violet,violet,neutral,"Memory of Summer Window is a portrait ink on paper work with a neutral palette and tags nature, violet.","[0.10279861838598939, -0.10662168802114073, -0.23416240144646686, -0.5748919896837249, -0.005507191661462682, 0.6883099160053279, 0.33250606814921635, -0.0914892015118734]"
100090,item_0090,artist_031,Leila Hart,Fragments of Quiet Street,modern,Pastel on paper,Japanese,European Paintings,Drawings,1999,31.63,0.884,0.289,0.4198,15.55,0.4916,1,True,Painting,Japanese,20th century,dreamlike|garden|sea|violet,violet,high-contrast,"Fragments of Quiet Street is a modern pastel on paper work with a high-contrast palette and tags garden, sea, dreamlike, violet.","[-0.07039941459993587, 0.11419305528619704, 0.8020534673927254, -0.249662683670636, 0.4639920327783003, -0.08427691709972877, -0.006641877311764978, -0.23226564008938116]"
100091,item_0091,artist_019,Thomas Hart,View of Quiet Street,portrait,Mixed media,American,Asian Art,Photography,2014,60.43,1.1647,0.136,0.2769,26.16,0.4329,1,True,Painting,American,21th century,green|portrait,green,neutral,"View of Quiet Street is a portrait mixed media work with a neutral palette and tags portrait, green.","[-0.6770233098333974, -0.22922910909437497, 0.34414074947713846, -0.5434612834052189, 0.12719342730798994, 0.13435425187972894, 0.20209580993795348, -0.015442819937772146]"
100092,item_0092,artist_029,Thomas Bellamy,View of Harbor Light,abstract,Oil on canvas,Spanish,European Paintings,Photography,1895,33.22,-1.0097,0.1487,0.258,13.94,0.4196,1,True,Painting,Spanish,19th century,garden|minimal|violet,violet,earth,"View of Harbor Light is a abstract oil on canvas work with a earth palette and tags garden, minimal, violet.","[0.4772340127183408, -0.09503412026470119, -0.21428703815888508, 0.022305142198325224, -0.27760779144163816, -0.7564221119497768, 0.11303795656120685, 0.23405486791898925]"
100093,item_0093,artist_006,Elena Valette,Fragments of Mirror Lake,portrait,Ink on paper,French,European Paintings,Photography,2014,174.2,-1.5632,0.2928,0.7048,99.93,0.5737,1,True,Painting,French,21th century,architecture|blue|gold|urban,blue,neutral,"Fragments of Mirror Lake is a portrait ink on paper work with a neutral palette and tags urban, blue, gold, architecture.","[-0.17770213213942979, -0.21985448753987294, -0.13280078979690127, -0.26225684301362495, 0.03374610761240087, 0.9054357273124695, 0.08887780087215501, -0.06942142742569633]"
100094,item_0094,artist_018,Noah Dubois,Echoes of Red Horizon,surrealism,Ink on paper,French,Drawings and Prints,Prints,1898,232.27,0.8528,0.2995,0.5147,85.28,0.3672,1,True,Painting,French,19th century,dreamlike|green|nature|night,green,high-contrast,"Echoes of Red Horizon is a surrealism ink on paper work with a high-contrast palette and tags dreamlike, night, nature, green.","[0.02752270696429287, -0.34947611774768556, 0.22335637770975972, -0.16234719896317676, 0.45517823681328873, 0.2624325830451985, -0.10869131130078435, 0.716234856297915]"
100095,item_0095,artist_021,Amira Valette,Portrait of Harbor Light,landscape,Gouache on board,Japanese,Photographs,Drawings,1974,94.04,0.4283,0.118,0.6582,40.42,0.4298,1,True,Painting,Japanese,20th century,architecture|dreamlike|red,red,warm,"Portrait of Harbor Light is a landscape gouache on board work with a warm palette and tags dreamlike, architecture, red.","[-0.28535193490685407, 0.12655424089562584, 0.6161988934452397, -0.31893558925884047, 0.007235792529030337, 0.42191429321830315, 0.47413886225572077, 0.13515036723881652]"
100096,item_0096,artist_033,Sofia Bellamy,Portrait of Red Horizon,impressionism,Mixed media,Spanish,Drawings and Prints,Drawings,2015,625.41,-0.0912,0.0968,0.5268,283.04,0.4526,1,True,Painting,Spanish,21th century,blue|gold|night,gold,warm,"Portrait of Red Horizon is a impressionism mixed media work with a warm palette and tags blue, night, gold.","[-0.10503343885414974, 0.5762642789627985, 0.09046851034820115, 0.537671498799851, 0.10432528261788257, -0.09031047058976867, -0.5815090826798945, -0.04919050320588012]"
100097,item_0097,artist_004,Sofia Ito,View of Mirror Lake,contemporary,Acrylic on canvas,French,Modern and Contemporary Art,Drawings,2014,106.77,0.3244,0.0467,0.6033,55.95,0.524,1,True,Painting,French,21th century,architecture|blue|figure|movement,blue,neutral,"View of Mirror Lake is a contemporary acrylic on canvas work with a neutral palette and tags figure, architecture, movement, blue.","[0.40762508810512293, -0.08133458397130498, 0.30713867524671556, 0.8044579010405377, 0.25191450537894505, -0.1089153867713839, 0.10187754756802217, -0.00610553709031824]"
100098,item_0098,artist_028,Mila Hart,Fragments of Evening Field,modern,Acrylic on canvas,French,Modern and Contemporary Art,Drawings,1945,291.24,0.4892,0.1905,0.328,107.15,0.3679,1,True,Painting,French,20th century,portrait|sea|white,white,warm,"Fragments of Evening Field is a modern acrylic on canvas work with a warm palette and tags sea, portrait, white.","[0.25917659070128607, -0.4003758828331243, 0.5333605583529871, 0.5767549251608266, -0.297559125960329, -0.20160240521599265, 0.15286732186353721, 0.0534184992091643]"
100099,item_0099,artist_023,Ari Dubois,Dream of Red Horizon,surrealism,Acrylic on canvas,British,Asian Art,Drawings,1957,388.07,-0.4355,0.2578,0.1721,222.91,0.5744,1,True,Painting,British,20th century,garden|gold|movement,gold,earth,"Dream of Red Horizon is a surrealism acrylic on canvas work with a earth palette and tags movement, garden, gold.","[0.34112035658149237, -0.03709256851173685, -0.6694560124036829, 0.2611126656837198, -0.16494854146296167, -0.02789565963786415, 0.1022917768175654, 0.5722412683248633]"
100100,item_0100,artist_023,Ari Dubois,Fragments of Quiet Street,contemporary,Pastel on paper,British,European Paintings,Photography,2017,94.7,-1.0678,0.1932,0.5129,52.68,0.5563,1,True,Painting,British,21th century,portrait|white,white,earth,"Fragments of Quiet Street is a contemporary pastel on paper work with a earth palette and tags portrait, white.","[0.12492600227008326, 0.6252242585063361, -0.07600783038908658, 0.44807225001752876, -0.006605220601682103, -0.10312100869438795, 0.27208547698664537, -0.5497582284255719]"
100101,item_0101,artist_014,Noah Khan,Light over Red Horizon,minimalist,Acrylic on canvas,Japanese,Asian Art,Paintings,1991,25.31,0.6779,0.2085,0.3168,13.63,0.5385,1,True,Painting,Japanese,20th century,blue|flowers,blue,high-contrast,"Light over Red Horizon is a minimalist acrylic on canvas work with a high-contrast palette and tags flowers, blue.","[0.02157725115742518, 0.35787817014636125, -0.28564045132662425, 0.07342167864678836, 0.8137388899214494, 0.15434548025083109, 0.058394344648181946, 0.30833912900850824]"
100102,item_0102,artist_021,Amira Valette,Composition in Falling City,landscape,Acrylic on canvas,American,Drawings and Prints,Paintings,2005,242.79,0.5515,0.1141,0.6484,65.44,0.2695,1,True,Painting,American,21th century,figure|green|minimal|urban,green,cool,"Composition in Falling City is a landscape acrylic on canvas work with a cool palette and tags figure, urban, minimal, green.","[0.35499051306803214, 0.16064263226381095, 0.016328539853559716, -0.3467652228434487, -0.053263254993404445, -0.18253110732151412, 0.8306977985441102, -0.038072649547289644]"
100103,item_0103,artist_007,Noah Mercer,Composition in Blue Garden,abstract,Watercolor on paper,French,Modern and Contemporary Art,Photography,1897,171.79,-0.7522,0.1497,0.3529,52.49,0.3056,1,True,Painting,French,19th century,blue|flowers,blue,neutral,"Composition in Blue Garden is a abstract watercolor on paper work with a neutral palette and tags flowers, blue.","[0.413183714179658, -0.2312148809959523, -0.46960091397671094, -0.027750812936004236, -0.5024598507646971, 0.25379971766131443, 0.027528480820381035, -0.48670910658375954]"
100104,item_0104,artist_032,Jonas Silva,Composition in Summer Window,surrealism,Pastel on paper,Italian,Photographs,Paintings,1959,51.99,-1.5841,0.1818,0.3749,15.97,0.3071,1,True,Painting,Italian,20th century,blue|red|sea,red,earth,"Composition in Summer Window is a surrealism pastel on paper work with a earth palette and tags blue, sea, red.","[-0.12985196880891, -0.3239750812437554, 0.4379248452382856, 0.008673641755377449, 0.7737668338438851, -0.024688384071870195, -0.2883149308554437, 0.062250145506570695]"
100105,item_0105,artist_024,Mila Mercer,Memory of Summer Window,landscape,Ink on paper,British,European Paintings,Paintings,1980,198.07,0.0769,0.1883,0.1274,46.68,0.2357,1,True,Painting,British,20th century,architecture|blue|gold,gold,high-contrast,"Memory of Summer Window is a landscape ink on paper work with a high-contrast palette and tags architecture, blue, gold.","[0.4558132875324658, 0.2535579000718943, -0.07592002935580144, -0.251961332692711, -0.6083696207908278, -0.20332182391096354, 0.4115149208917284, -0.2790992360285304]"
100106,item_0106,artist_002,Ari Valette,Dream of Summer Window,portrait,Pastel on paper,Dutch,Drawings and Prints,Drawings,1929,214.23,-0.2081,0.298,0.7401,89.24,0.4166,1,True,Painting,Dutch,20th century,architecture|garden|geometry|violet,violet,neutral,"Dream of Summer Window is a portrait pastel on paper work with a neutral palette and tags geometry, architecture, garden, violet.","[0.2611344098201798, 0.08599197474403632, 0.35144267640079246, 0.10586906586895184, -0.22581928174119603, 0.7478314599047848, -0.4217172911717996, 0.04002837808336357]"
100107,item_0107,artist_012,Jonas Ito,Composition in Mirror Lake,modern,Oil on canvas,British,Modern and Contemporary Art,Paintings,2016,670.22,-0.25,0.1973,0.9138,223.59,0.3336,1,True,Painting,British,21th century,figure|green|movement,green,warm,"Composition in Mirror Lake is a modern oil on canvas work with a warm palette and tags figure, movement, green.","[0.32251021818756676, 0.14211514111286003, 0.3394704989939839, 0.5905943068091813, -0.3970882622124394, 0.30577586397616197, 0.332864639647145, -0.22309584150057127]"
100108,item_0108,artist_017,Ari Khan,Portrait of Falling City,contemporary,Pastel on paper,Japanese,European Paintings,Prints,1987,627.58,1.3957,0.1279,0.4065,318.66,0.5078,1,True,Painting,Japanese,20th century,flowers|geometry|gold|night,gold,warm,"Portrait of Falling City is a contemporary pastel on paper work with a warm palette and tags geometry, flowers, night, gold.","[0.38820493114591575, 0.4236057313704226, -0.4101691005626507, 0.4721610366271232, -0.4157102150900647, -0.08080355476028717, -0.1158112126896545, 0.29312786389039674]"
100109,item_0109,artist_005,Jonas Mercer,View of Red Horizon,surrealism,Watercolor on paper,Japanese,European Paintings,Photography,1931,155.17,-0.1096,0.1887,0.2237,67.79,0.4369,1,True,Painting,Japanese,20th century,nature|night|portrait|violet,violet,high-contrast,"View of Red Horizon is a surrealism watercolor on paper work with a high-contrast palette and tags portrait, night, nature, violet.","[-0.012828522030752812, 0.13610871309877434, -0.3933239485482216, 0.20601857616706146, -0.23020201664325912, -0.007021244482587418, 0.2653974101734463, 0.8128249576180252]"
100110,item_0110,artist_028,Mila Hart,Portrait of Mirror Lake,minimalist,Ink on paper,Spanish,Asian Art,Drawings,1975,84.65,0.1429,0.244,0.1941,32.25,0.381,1,True,Painting,Spanish,20th century,dreamlike|flowers|portrait|white,white,neutral,"Portrait of Mirror Lake is a minimalist ink on paper work with a neutral palette and tags flowers, portrait, dreamlike, white.","[0.23934411984483064, -0.11463839161586349, 0.4028677945561868, 0.12694042045874426, 0.5355081003554323, 0.1537524016695465, -0.5394613586896096, -0.38694807920085506]"
100111,item_0111,artist_009,Noah Morel,View of Red Horizon,landscape,Pastel on paper,Spanish,Modern and Contemporary Art,Paintings,1893,29.06,-0.286,0.1961,0.4254,13.49,0.4641,1,True,Painting,Spanish,19th century,gold|nature,gold,earth,"View of Red Horizon is a landscape pastel on paper work with a earth palette and tags nature, gold.","[-0.03689047616687208, -0.10357589325449149, -0.4342551102759814, 0.16409027528032455, -0.23535804858789178, 0.052490366953576756, 0.8207142278723293, -0.20171146135238588]"
100112,item_0112,artist_028,Mila Hart,View of Evening Field,portrait,Ink on paper,American,Photographs,Drawings,1904,361.73,-0.3696,0.225,0.064,128.02,0.3539,1,True,Painting,American,20th century,movement|night|urban|violet,violet,neutral,"View of Evening Field is a portrait ink on paper work with a neutral palette and tags urban, movement, night, violet.","[0.13796659737863418, 0.2543001560955337, 0.5903777275092545, 0.05327666240737482, 0.1674972075933918, 0.6932692654859212, 0.14633316734089338, -0.1866049249774898]"
100113,item_0113,artist_033,Sofia Bellamy,Dream of Summer Window,minimalist,Oil on canvas,Spanish,Modern and Contemporary Art,Photography,1952,333.79,0.6452,0.2394,0.2839,183.21,0.5489,1,True,Painting,Spanish,20th century,architecture|blue|geometry,blue,high-contrast,"Dream of Summer Window is a minimalist oil on canvas work with a high-contrast palette and tags architecture, geometry, blue.","[-0.12109019077014875, 0.2794053811588802, -0.43415477987173934, 0.6378634508051502, 0.5534942565309016, 0.04538156662105874, -0.011159236084722742, 0.05804942799788888]"
100114,item_0114,artist_011,Marcus Mercer,Light over Golden Figure,minimalist,Oil on canvas,French,European Paintings,Photography,1966,118.55,0.4071,0.1361,0.5712,68.64,0.579,1,True,Painting,French,20th century,architecture|nature|night|violet,violet,high-contrast,"Light over Golden Figure is a minimalist oil on canvas work with a high-contrast palette and tags night, architecture, nature, violet.","[0.15590536096321264, -0.7723311593505029, 0.1722808343033755, 0.0511499838019979, 0.4328574897742922, -0.1020494038664597, 0.29526276561961023, 0.24888009781407047]"
100115,item_0115,artist_007,Noah Mercer,Memory of Quiet Street,minimalist,Pastel on paper,British,Photographs,Drawings,2011,291.43,1.0702,0.2297,0.3868,147.21,0.5051,1,True,Painting,British,21th century,night|red,red,cool,"Memory of Quiet Street is a minimalist pastel on paper work with a cool palette and tags night, red.","[0.22974513507074681, 0.16355004737970286, -0.2032521473894458, 0.13685378561855766, 0.7816881068920205, 0.23899568387237213, 0.3767047996572059, 0.22442464292024802]"
100116,item_0116,artist_025,Leila Silva,Echoes of Quiet Street,surrealism,Ink on paper,American,European Paintings,Prints,1989,118.9,-0.9399,0.2946,0.8338,48.66,0.4093,1,True,Painting,American,20th century,nature|night|urban|violet,violet,high-contrast,"Echoes of Quiet Street is a surrealism ink on paper work with a high-contrast palette and tags nature, urban, night, violet.","[-0.6307177328944914, 0.07104302997997643, 0.0004015149971062155, -0.27215267073856586, 0.2195789569390507, 0.3122821775481268, -0.5354397232136143, 0.3010814123278005]"
100117,item_0117,artist_008,Marcus Ito,Echoes of Falling City,surrealism,Acrylic on canvas,Japanese,Photographs,Drawings,1899,419.61,-0.9735,0.205,0.6709,168.28,0.401,1,True,Painting,Japanese,19th century,movement|violet,violet,high-contrast,"Echoes of Falling City is a surrealism acrylic on canvas work with a high-contrast palette and tags movement, violet.","[0.3128393962883085, -0.30092088108103143, -0.6942390712858956, 0.04227025115964248, 0.4139692592667073, 0.2848556061546656, 0.04820439535771059, 0.27016022052222505]"
100118,item_0118,artist_016,Leila Morel,View of Golden Figure,modern,Watercolor on paper,Dutch,Drawings and Prints,Paintings,1955,169.24,0.1552,0.3507,0.3617,75.92,0.4486,1,True,Painting,Dutch,20th century,black|dreamlike,black,cool,"View of Golden Figure is a modern watercolor on paper work with a cool palette and tags dreamlike, black.","[-0.3512414240362538, -0.2069299398019407, 0.5776784693175523, 0.07702940943133783, -0.4158089652816602, 0.5667841737237617, 0.00010469037287590022, -0.004702168268505975]"
100119,item_0119,artist_039,Marcus Khan,Echoes of Quiet Street,impressionism,Ink on paper,Dutch,Modern and Contemporary Art,Drawings,1895,31.27,-0.1343,0.2881,0.4593,10.68,0.3415,1,True,Painting,Dutch,19th century,black|nature,black,earth,"Echoes of Quiet Street is a impressionism ink on paper work with a earth palette and tags nature, black.","[0.11927789128272476, 0.8450882036444576, 0.3865508870250247, -0.062406056917454794, 0.1773826484524005, -0.04689217970939009, 0.1205503551590617, -0.2647390004875824]"
100120,item_0120,artist_034,Noah Rossi,Dream of Glass Room,minimalist,Mixed media,Dutch,European Paintings,Photography,2008,220.09,0.6012,0.124,0.4243,99.28,0.4511,1,True,Painting,Dutch,21th century,green|minimal,green,neutral,"Dream of Glass Room is a minimalist mixed media work with a neutral palette and tags minimal, green.","[0.03257101428543648, 0.07248981903246222, -0.22691287335304972, -0.11611880491286511, 0.8385217094061562, 0.44228290861293235, -0.05122975470010572, -0.1653904738174462]"
100121,item_0121,artist_026,Mila Bellamy,Light over Summer Window,minimalist,Gouache on board,American,Modern and Contemporary Art,Photography,1921,63.47,0.8179,0.2884,0.1033,24.58,0.3872,1,True,Painting,American,20th century,architecture|figure|green,green,high-contrast,"Light over Summer Window is a minimalist gouache on board work with a high-contrast palette and tags figure, architecture, green.","[0.09939522588801891, 0.09140381142273413, 0.1892744010959248, -0.3464311819298624, 0.8230934043403367, -0.02304737272103534, 0.20395911311796877, -0.3260572267390408]"
100122,item_0122,artist_020,Thomas Mercer,Silence in Quiet Street,portrait,Pastel on paper,British,Photographs,Paintings,2000,183.23,-0.9943,0.01,0.5488,71.08,0.3879,1,True,Painting,British,21th century,green|urban,green,cool,"Silence in Quiet Street is a portrait pastel on paper work with a cool palette and tags urban, green.","[-0.2295281482836814, 0.42130465674143913, -0.3800439980614195, -0.11370497108943643, 0.02858056759124283, 0.46411475343821007, 0.5174390752686621, -0.3584611586971947]"
100123,item_0123,artist_036,Ari Morel,Fragments of Evening Field,landscape,Acrylic on canvas,Japanese,Modern and Contemporary Art,Prints,2012,165.74,-0.5736,0.1233,0.5214,47.79,0.2883,0,True,Painting,Japanese,21th century,garden|geometry|portrait|red,red,neutral,"Fragments of Evening Field is a landscape acrylic on canvas work with a neutral palette and tags geometry, garden, portrait, red.","[-0.3795300934669021, 0.35815889821559754, 0.22993376595669557, 0.23083514344586023, 0.14093236114641805, 0.00630507378611141, 0.7519576617422418, 0.19021750999132847]"
100124,item_0124,artist_003,Elena Silva,Echoes of Mirror Lake,landscape,Acrylic on canvas,French,Photographs,Prints,2005,191.13,1.6615,0.1691,0.3406,61.41,0.3213,1,True,Painting,French,21th century,black|blue|movement,black,warm,"Echoes of Mirror Lake is a landscape acrylic on canvas work with a warm palette and tags movement, blue, black.","[0.05286207404916549, 0.07439568587972648, -0.06806750215131775, 0.45434703595688175, -0.4882098309324657, -0.25265749716040714, 0.47677629190798315, -0.5011049647381856]"
100125,item_0125,artist_036,Ari Morel,View of Evening Field,minimalist,Watercolor on paper,American,Asian Art,Paintings,1958,115.0,-1.2576,0.1327,0.4076,33.36,0.2901,1,True,Painting,American,20th century,black|flowers,black,earth,"View of Evening Field is a minimalist watercolor on paper work with a earth palette and tags flowers, black.","[0.358721944584697, 0.15609330967051632, -0.31108827678240675, 0.0689947345848061, 0.6059351163901454, 0.31911868321690634, 0.44238081656640943, -0.284116822356288]"
100126,item_0126,artist_023,Ari Dubois,Fragments of Glass Room,minimalist,Oil on canvas,French,European Paintings,Photography,1921,190.44,1.3728,0.0102,0.2385,80.14,0.4208,1,True,Painting,French,20th century,green|sea,green,neutral,"Fragments of Glass Room is a minimalist oil on canvas work with a neutral palette and tags sea, green.","[-0.18026093067458632, 0.4510152620804415, -0.3470046532059807, 0.03987522209685025, 0.7965247906154812, 0.001467708468137994, -0.04101886425306134, -0.07715259802294684]"
100127,item_0127,artist_033,Sofia Bellamy,Study of Blue Garden,abstract,Acrylic on canvas,Spanish,Drawings and Prints,Photography,1920,309.31,0.0191,0.0962,0.8495,84.63,0.2736,1,True,Painting,Spanish,20th century,black|garden|sea,black,high-contrast,"Study of Blue Garden is a abstract acrylic on canvas work with a high-contrast palette and tags garden, sea, black.","[0.3718230748782695, 0.17684964622070254, -0.4802075542922944, 0.13887455339652036, 0.6082685444240374, -0.4096092109783234, 0.057003283051767765, -0.1989137091929631]"
100128,item_0128,artist_036,Ari Morel,Fragments of Falling City,minimalist,Ink on paper,Japanese,Photographs,Photography,1979,151.05,0.2659,0.1346,0.564,59.05,0.391,1,True,Painting,Japanese,20th century,blue|dreamlike|nature,blue,neutral,"Fragments of Falling City is a minimalist ink on paper work with a neutral palette and tags dreamlike, nature, blue.","[0.7468651227579732, 0.1789585196092636, -0.15754302217710936, -0.00035659245321563633, 0.20947774492705443, 0.304215711404222, 0.44402444164399923, -0.22750950426844552]"
100129,item_0129,artist_003,Elena Silva,Fragments of Mirror Lake,abstract,Watercolor on paper,Spanish,Photographs,Drawings,1982,45.49,0.8926,0.052,0.7025,17.88,0.393,1,True,Painting,Spanish,20th century,black|figure,black,earth,"Fragments of Mirror Lake is a abstract watercolor on paper work with a earth palette and tags figure, black.","[0.310280683753712, 0.4030056879910713, 0.4329874665742331, -0.1831328038712756, -0.569305927241338, 0.30729774360459655, -0.2088162203478452, 0.24114556964290632]"
100130,item_0130,artist_026,Mila Bellamy,Dream of Blue Garden,impressionism,Mixed media,British,Asian Art,Drawings,2005,107.19,-1.3303,0.1201,0.198,39.42,0.3677,1,True,Painting,British,21th century,architecture|blue|garden|violet,violet,cool,"Dream of Blue Garden is a impressionism mixed media work with a cool palette and tags architecture, blue, garden, violet.","[-0.10497600092932376, 0.6068425854884459, 0.027310526986408516, 0.15072202561009382, 0.5097305130959483, -0.4034230452411863, 0.41708443050720895, 0.026913738766073836]"
100131,item_0131,artist_034,Noah Rossi,Light over Red Horizon,portrait,Mixed media,British,Modern and Contemporary Art,Photography,1952,379.1,1.1925,0.0298,0.6595,157.96,0.4167,1,True,Painting,British,20th century,figure|geometry|gold|white,white,neutral,"Light over Red Horizon is a portrait mixed media work with a neutral palette and tags geometry, gold, figure, white.","[0.22945995950462225, -0.10886160432222904, -0.6737752873197124, 0.051472863654578455, 0.11299519140066247, 0.535809539349009, 0.3197277747527058, -0.2771083868185167]"
100132,item_0132,artist_030,Elena Morel,Portrait of Harbor Light,contemporary,Gouache on board,French,Asian Art,Prints,1955,55.31,-0.6776,0.4151,0.6801,23.33,0.4218,1,True,Painting,French,20th century,nature|sea|violet,violet,neutral,"Portrait of Harbor Light is a contemporary gouache on board work with a neutral palette and tags nature, sea, violet.","[-0.3215300761581964, 0.016251144147241565, -0.5173569479278576, 0.27638862052743923, 0.3232741329360419, -0.5466440982516361, 0.31705926829869485, 0.22012022381913154]"
100133,item_0133,artist_022,Thomas Khan,View of Quiet Street,landscape,Watercolor on paper,American,Drawings and Prints,Paintings,2007,307.46,1.4016,0.3866,0.3773,140.25,0.4561,1,True,Painting,American,21th century,gold|white,white,high-contrast,"View of Quiet Street is a landscape watercolor on paper work with a high-contrast palette and tags gold, white.","[-0.21131845113030623, 0.5030424564783766, 0.6149879732417809, 0.3461878458398347, 0.03017404205037866, -0.2858553074345881, 0.29574255699242985, 0.1847949581437363]"
100134,item_0134,artist_015,Leila Ito,Memory of Summer Window,minimalist,Ink on paper,Spanish,Photographs,Drawings,1942,374.79,0.4216,0.3304,0.4434,172.83,0.4611,1,True,Painting,Spanish,20th century,black|blue|gold|nature,black,warm,"Memory of Summer Window is a minimalist ink on paper work with a warm palette and tags gold, blue, nature, black.","[0.23248858316605037, -0.07019862140686213, 0.20481578710131354, 0.3401383039485635, 0.5157697656257454, 0.6879022287596613, 0.0881601976831092, 0.19072884048334388]"
100135,item_0135,artist_030,Elena Morel,Composition in Quiet Street,surrealism,Oil on canvas,Dutch,Modern and Contemporary Art,Photography,1958,65.32,-0.357,0.2486,0.6379,29.67,0.4542,1,True,Painting,Dutch,20th century,dreamlike|portrait|violet,violet,high-contrast,"Composition in Quiet Street is a surrealism oil on canvas work with a high-contrast palette and tags portrait, dreamlike, violet.","[-0.002359633963864141, 0.28198359794577116, -0.4603298424136048, -0.16322561329121316, 0.2932825221000445, 0.3580349245607561, -0.123954978557508, 0.672580876086261]"
100136,item_0136,artist_026,Mila Bellamy,Fragments of Golden Figure,impressionism,Ink on paper,Spanish,European Paintings,Drawings,1986,513.67,0.617,0.3777,0.399,285.71,0.5562,1,True,Painting,Spanish,20th century,architecture|blue|urban,blue,cool,"Fragments of Golden Figure is a impressionism ink on paper work with a cool palette and tags urban, architecture, blue.","[0.16407915402341317, 0.3803795433801995, -0.7180998981159986, 0.36588006641094095, -0.15968340444090487, -0.28771970434386884, 0.23126234627822712, -0.1307289397282541]"
100137,item_0137,artist_029,Thomas Bellamy,Portrait of Glass Room,abstract,Ink on paper,American,Drawings and Prints,Prints,2014,90.05,1.2358,0.1909,0.452,36.81,0.4088,1,True,Painting,American,21th century,gold|portrait|red,red,earth,"Portrait of Glass Room is a abstract ink on paper work with a earth palette and tags portrait, gold, red.","[0.18598172669884852, -0.39474951608546793, -0.4442697960893126, 0.3247156400033507, -0.18363781828446302, 0.4475874702303049, -0.15636284057639577, -0.49825795287887964]"
100138,item_0138,artist_018,Noah Dubois,Light over Harbor Light,modern,Gouache on board,French,European Paintings,Prints,1929,182.97,-0.9242,0.2214,0.2862,84.67,0.4628,1,True,Painting,French,20th century,dreamlike|figure|flowers|red,red,earth,"Light over Harbor Light is a modern gouache on board work with a earth palette and tags figure, dreamlike, flowers, red.","[-0.2699525644297817, 0.16993787344076502, 0.4589304370364606, -0.6249265193717013, 0.22446007298932513, -0.03176525692346473, 0.02141325037615399, -0.49522373337099646]"
100139,item_0139,artist_015,Leila Ito,Silence in Summer Window,impressionism,Acrylic on canvas,French,Asian Art,Prints,1999,839.15,1.3405,0.0457,0.8356,263.39,0.3139,1,True,Painting,French,20th century,night|portrait|red,red,warm,"Silence in Summer Window is a impressionism acrylic on canvas work with a warm palette and tags night, portrait, red.","[-0.612994554322407, 0.4406713286506286, 0.13782328115568926, 0.04611080814143357, -0.4799224172120122, 0.11757778153331384, -0.36351721816834753, -0.18063820649603152]"
100140,item_0140,artist_029,Thomas Bellamy,Portrait of Falling City,abstract,Gouache on board,French,European Paintings,Paintings,2013,508.51,1.1696,0.1553,0.6135,141.11,0.2775,1,True,Painting,French,21th century,architecture|minimal|portrait|white,white,neutral,"Portrait of Falling City is a abstract gouache on board work with a neutral palette and tags minimal, portrait, architecture, white.","[0.2542646807364935, -0.4287432261570704, 0.4755467236034108, 0.1268680300309347, 0.2577013519521396, 0.15915517215787114, 0.1825697161344598, -0.6198519793877427]"
100141,item_0141,artist_009,Noah Morel,View of Glass Room,minimalist,Acrylic on canvas,French,Modern and Contemporary Art,Photography,1980,155.12,-1.6066,0.2954,0.351,75.88,0.4892,1,True,Painting,French,20th century,architecture|black|movement,black,high-contrast,"View of Glass Room is a minimalist acrylic on canvas work with a high-contrast palette and tags architecture, movement, black.","[0.23433469990277234, -0.4232026726088673, -0.00977511208095162, -0.07236419390704578, 0.7852473329371654, -0.15336888616092315, -0.05456653895971447, 0.3428435784107547]"
100142,item_0142,artist_033,Sofia Bellamy,Dream of Glass Room,contemporary,Pastel on paper,Japanese,European Paintings,Photography,1913,138.32,0.2394,0.2095,0.8186,34.32,0.2481,1,True,Painting,Japanese,20th century,black|figure,black,neutral,"Dream of Glass Room is a contemporary pastel on paper work with a neutral palette and tags figure, black.","[-0.32484141857701604, -0.2862033192692238, -0.379727123273574, 0.3460116589397713, -0.027842877017180686, -0.29665562097498666, 0.28268495329366866, 0.6164076484660457]"
100143,item_0143,artist_007,Noah Mercer,Fragments of Red Horizon,contemporary,Acrylic on canvas,French,Drawings and Prints,Photography,1908,280.53,0.7216,0.1003,0.1662,134.12,0.4781,1,True,Painting,French,20th century,blue|geometry|gold|minimal,gold,cool,"Fragments of Red Horizon is a contemporary acrylic on canvas work with a cool palette and tags geometry, minimal, blue, gold.","[-0.21641780073159028, 0.010756678088516665, 0.19374721613653878, 0.4132095374590555, 0.3042260930201165, 0.6702389624215244, -0.2228540093385654, -0.3915735319830269]"
100144,item_0144,artist_001,Leila Valette,Light over Glass Room,landscape,Oil on canvas,Dutch,Asian Art,Prints,1940,148.28,1.4436,0.0482,0.5756,46.21,0.3116,1,True,Painting,Dutch,20th century,blue|flowers|nature|night,blue,high-contrast,"Light over Glass Room is a landscape oil on canvas work with a high-contrast palette and tags nature, blue, flowers, night.","[-0.19325946332370944, 0.3022861188812092, -0.13613991471657716, -0.015969490764505875, 0.008928193645508491, -0.6750799501681045, 0.5812404375891329, -0.24255243130401835]"
100145,item_0145,artist_008,Marcus Ito,Composition in Mirror Lake,abstract,Oil on canvas,British,Asian Art,Drawings,1999,323.47,0.5473,0.2621,0.562,114.77,0.3548,1,True,Painting,British,20th century,flowers|gold|nature,gold,high-contrast,"Composition in Mirror Lake is a abstract oil on canvas work with a high-contrast palette and tags flowers, nature, gold.","[0.3161769306260552, -0.14496119425584406, -0.2569344624569977, -0.19543501628222512, 0.6982662518767782, 0.29470665237775573, -0.3198980763730914, -0.3131224801739898]"
100146,item_0146,artist_014,Noah Khan,View of Summer Window,modern,Acrylic on canvas,Dutch,Asian Art,Drawings,2003,785.52,-1.103,0.1893,0.1845,386.65,0.4922,1,True,Painting,Dutch,21th century,architecture|flowers|green|movement,green,warm,"View of Summer Window is a modern acrylic on canvas work with a warm palette and tags architecture, movement, flowers, green.","[-0.3310661069657129, -0.5446466772013744, 0.6536498689768011, 0.1624108061376483, 0.32935154956429524, 0.06797721489882312, 0.06402552186929958, -0.1514172875724749]"
100147,item_0147,artist_007,Noah Mercer,Dream of Mirror Lake,contemporary,Watercolor on paper,French,Drawings and Prints,Drawings,1889,355.5,-0.1461,0.0853,0.5278,181.81,0.5114,1,True,Painting,French,19th century,gold|nature,gold,warm,"Dream of Mirror Lake is a contemporary watercolor on paper work with a warm palette and tags gold, nature.","[0.36516716977085445, -0.11173025501807346, 0.16896175410999253, 0.35266536563079726, -0.11446302541444438, 0.04204480512683618, -0.6072054856773083, -0.5636313518432218]"
100148,item_0148,artist_002,Ari Valette,Light over Glass Room,abstract,Gouache on board,Spanish,European Paintings,Drawings,1940,105.65,-0.3357,0.1386,0.6075,39.94,0.378,1,True,Painting,Spanish,20th century,black|urban,black,high-contrast,"Light over Glass Room is a abstract gouache on board work with a high-contrast palette and tags urban, black.","[0.5865671805042612, 0.0001270800485629584, -0.37002559420998427, 0.28960026594782723, -0.06881269492849908, 0.15657117887902744, 0.6330412680935847, 0.07183803379240732]"
100149,item_0149,artist_019,Thomas Hart,Fragments of Falling City,contemporary,Ink on paper,Dutch,Drawings and Prints,Drawings,1941,244.51,0.3614,0.1615,0.5413,140.55,0.5749,1,True,Painting,Dutch,20th century,black|garden|portrait,black,cool,"Fragments of Falling City is a contemporary ink on paper work with a cool palette and tags portrait, garden, black.","[-0.3182901115352059, -0.010041431632161316, -0.16808699142726782, 0.8119446476854121, 0.2106001718589295, -0.24090579723122818, 0.18418065107690515, 0.273445933353331]"
100150,item_0150,artist_033,Sofia Bellamy,Silence in Red Horizon,modern,Mixed media,American,Drawings and Prints,Photography,1923,129.41,-0.2948,0.0234,0.4059,60.91,0.4707,1,True,Painting,American,20th century,flowers|gold|urban,gold,neutral,"Silence in Red Horizon is a modern mixed media work with a neutral palette and tags flowers, urban, gold.","[-0.023174056027005983, -0.10057742384271226, 0.9511779058557681, 0.18100323206542793, 0.01614915960958516, 0.06987441448580815, -0.2041966203211876, -0.07075363037812211]"
100151,item_0151,artist_003,Elena Silva,Dream of Harbor Light,contemporary,Pastel on paper,Spanish,Modern and Contemporary Art,Photography,2020,122.28,0.082,0.1577,0.2958,45.07,0.3686,1,True,Painting,Spanish,21th century,flowers|gold,gold,earth,"Dream of Harbor Light is a contemporary pastel on paper work with a earth palette and tags flowers, gold.","[0.449646732975634, 0.6390201740432749, 0.3265698070935642, 0.2651471848919424, -0.10099590228250423, -0.003268753295804993, 0.300140549186838, 0.3349999345758809]"
100152,item_0152,artist_003,Elena Silva,Composition in Mirror Lake,portrait,Pastel on paper,British,European Paintings,Drawings,1895,857.13,1.0715,0.1539,0.7898,304.95,0.3558,1,True,Painting,British,19th century,black|gold,black,neutral,"Composition in Mirror Lake is a portrait pastel on paper work with a neutral palette and tags gold, black.","[0.5076291077432009, 0.25244662709894145, -0.16025855328538094, -0.17344292124784758, 0.10727775466424448, 0.7704130915319412, 0.07136485666575129, 0.11260704411284632]"
100153,item_0153,artist_013,Jonas Dubois,Light over Golden Figure,contemporary,Pastel on paper,British,Drawings and Prints,Paintings,2007,331.05,1.0306,0.0848,0.4328,187.49,0.5663,1,True,Painting,British,21th century,architecture|blue,blue,cool,"Light over Golden Figure is a contemporary pastel on paper work with a cool palette and tags architecture, blue.","[-0.4465111603398248, -0.32158069568378034, -0.15182726234167232, 0.10699373327422682, 0.006400100011120364, 0.36973624514747544, -0.3719814390830427, 0.6225740266516587]"
100154,item_0154,artist_029,Thomas Bellamy,Dream of Red Horizon,landscape,Watercolor on paper,Japanese,Drawings and Prints,Photography,1951,125.99,0.582,0.2442,0.8596,57.14,0.4535,1,True,Painting,Japanese,20th century,geometry|green|movement,green,earth,"Dream of Red Horizon is a landscape watercolor on paper work with a earth palette and tags movement, geometry, green.","[0.18094990786527304, -0.28733318142676717, 0.14034356267203393, -0.4142193093983314, 0.2569822405320753, -0.37343342700953946, 0.6723088265769251, 0.1895554435321041]"
100155,item_0155,artist_036,Ari Morel,View of Golden Figure,surrealism,Watercolor on paper,British,Asian Art,Paintings,1951,403.05,0.6125,0.0871,0.3328,196.22,0.4869,1,True,Painting,British,20th century,blue|figure|garden|sea,blue,cool,"View of Golden Figure is a surrealism watercolor on paper work with a cool palette and tags garden, sea, figure, blue.","[0.5293132395299698, -0.23540953037050638, -0.2567664434549015, 0.5704085612247998, 0.26113897875245917, 0.24640700003786448, 0.365739807815384, 0.10217303340746117]"
100156,item_0156,artist_031,Leila Hart,Dream of Falling City,modern,Acrylic on canvas,Italian,Photographs,Drawings,1971,247.04,0.0239,0.0888,0.8467,112.56,0.4557,1,True,Painting,Italian,20th century,figure|minimal|white,white,earth,"Dream of Falling City is a modern acrylic on canvas work with a earth palette and tags minimal, figure, white.","[0.16738520546703772, 0.3575864134403722, 0.5525445231458931, 0.29355857938176066, 0.5414572431683418, 0.2754574812866019, 0.06708340083349565, 0.28121007554125127]"
100157,item_0157,artist_008,Marcus Ito,Light over Quiet Street,surrealism,Gouache on board,Japanese,Drawings and Prints,Drawings,1900,94.3,1.4817,0.4262,0.4411,37.32,0.3958,1,True,Painting,Japanese,20th century,black|blue|figure|nature,black,earth,"Light over Quiet Street is a surrealism gouache on board work with a earth palette and tags blue, figure, nature, black.","[0.10959825967225761, -0.6260293570307432, 0.18646735180128943, 0.2638923337871043, -0.17658454152794167, 0.036830242084988835, 0.5825449904227987, 0.34607657331007]"
100158,item_0158,artist_009,Noah Morel,Silence in Quiet Street,abstract,Pastel on paper,Spanish,Modern and Contemporary Art,Paintings,1980,306.59,0.4633,0.1561,0.7754,91.59,0.2987,1,True,Painting,Spanish,20th century,gold|sea,gold,warm,"Silence in Quiet Street is a abstract pastel on paper work with a warm palette and tags sea, gold.","[0.6102169151817803, -0.2408011465390745, 0.5438494973807179, -0.14532429536193545, -0.09172567102755118, 0.09369629254248385, 0.42536656707646475, 0.23372930147373544]"
100159,item_0159,artist_000,Leila Khan,Light over Blue Garden,surrealism,Oil on canvas,Dutch,Photographs,Photography,2022,89.04,0.6227,0.3168,0.4046,36.56,0.4106,1,True,Painting,Dutch,21th century,blue|green|movement,green,warm,"Light over Blue Garden is a surrealism oil on canvas work with a warm palette and tags blue, movement, green.","[0.669830117651488, 0.6002110929931074, -0.177735641378878, -0.05755456608254503, -0.02821588850192611, -0.17233797103811493, 0.07441493386772167, 0.3466088209520784]"
